{
  "baseline_f1": 0.9960578186596584,
  "pool_size": 1985,
  "config": {
    "model": {
      "word_emb_dim": 50,
      "char_emb_dim": 25,
      "char_channels": 30,
      "char_kernel": 3,
      "lstm_hidden": 64,
      "lstm_layers": 1,
      "dropout": 0.35
    },
    "train": {
      "lr": 0.001,
      "weight_decay": 1e-05,
      "batch_size": 32,
      "max_epochs": 8,
      "patience": 3,
      "grad_clip": 5.0,
      "min_epochs": 2
    },
    "al": {
      "seed_size": 80,
      "query_size": 120,
      "n_iterations": 4,
      "uncertainty_pool_factor": 4,
      "score_pool_cap": 0,
      "strategies": [
        "random",
        "least_confidence",
        "uncertainty",
        "hybrid"
      ],
      "seeds": [
        13
      ]
    },
    "device": "cpu",
    "dev_fraction": 0.15
  },
  "aggregate": {
    "random": {
      "n": [
        80,
        200,
        320,
        440,
        560
      ],
      "mean": [
        0.06273764258555133,
        0.0,
        0.0,
        0.7851903597624869,
        0.8679495686794958
      ],
      "std": [
        0.0,
        0.0,
        0.0,
        0.0,
        0.0
      ]
    },
    "least_confidence": {
      "n": [
        80,
        200,
        320,
        440,
        560
      ],
      "mean": [
        0.06273764258555133,
        0.0,
        0.0,
        0.7779349363507779,
        0.9421926910299003
      ],
      "std": [
        0.0,
        0.0,
        0.0,
        0.0,
        0.0
      ]
    },
    "uncertainty": {
      "n": [
        80,
        200,
        320,
        440,
        560
      ],
      "mean": [
        0.06273764258555133,
        0.0,
        0.0,
        0.8140525195173882,
        0.8804311215897609
      ],
      "std": [
        0.0,
        0.0,
        0.0,
        0.0,
        0.0
      ]
    },
    "hybrid": {
      "n": [
        80,
        200,
        320,
        440,
        560
      ],
      "mean": [
        0.06273764258555133,
        0.0,
        0.0,
        0.7588495575221238,
        0.8953020134228189
      ],
      "std": [
        0.0,
        0.0,
        0.0,
        0.0,
        0.0
      ]
    }
  },
  "runs": [
    {
      "strategy": "random",
      "seed": 13,
      "curve": [
        {
          "iteration": 0,
          "n_labeled": 80,
          "f1": 0.06273764258555133,
          "precision": 0.11301369863013698,
          "recall": 0.04342105263157895,
          "best_epoch": 1
        },
        {
          "iteration": 1,
          "n_labeled": 200,
          "f1": 0.0,
          "precision": 0.0,
          "recall": 0.0,
          "best_epoch": 1
        },
        {
          "iteration": 2,
          "n_labeled": 320,
          "f1": 0.0,
          "precision": 0.0,
          "recall": 0.0,
          "best_epoch": 1
        },
        {
          "iteration": 3,
          "n_labeled": 440,
          "f1": 0.7851903597624869,
          "precision": 0.8369322412509308,
          "recall": 0.7394736842105263,
          "best_epoch": 8
        },
        {
          "iteration": 4,
          "n_labeled": 560,
          "f1": 0.8679495686794958,
          "precision": 0.8755020080321285,
          "recall": 0.8605263157894737,
          "best_epoch": 8
        }
      ]
    },
    {
      "strategy": "least_confidence",
      "seed": 13,
      "curve": [
        {
          "iteration": 0,
          "n_labeled": 80,
          "f1": 0.06273764258555133,
          "precision": 0.11301369863013698,
          "recall": 0.04342105263157895,
          "best_epoch": 1
        },
        {
          "iteration": 1,
          "n_labeled": 200,
          "f1": 0.0,
          "precision": 0.0,
          "recall": 0.0,
          "best_epoch": 1
        },
        {
          "iteration": 2,
          "n_labeled": 320,
          "f1": 0.0,
          "precision": 0.0,
          "recall": 0.0,
          "best_epoch": 1
        },
        {
          "iteration": 3,
          "n_labeled": 440,
          "f1": 0.7779349363507779,
          "precision": 0.8409785932721713,
          "recall": 0.7236842105263158,
          "best_epoch": 8
        },
        {
          "iteration": 4,
          "n_labeled": 560,
          "f1": 0.9421926910299003,
          "precision": 0.9516778523489933,
          "recall": 0.9328947368421052,
          "best_epoch": 8
        }
      ]
    },
    {
      "strategy": "uncertainty",
      "seed": 13,
      "curve": [
        {
          "iteration": 0,
          "n_labeled": 80,
          "f1": 0.06273764258555133,
          "precision": 0.11301369863013698,
          "recall": 0.04342105263157895,
          "best_epoch": 1
        },
        {
          "iteration": 1,
          "n_labeled": 200,
          "f1": 0.0,
          "precision": 0.0,
          "recall": 0.0,
          "best_epoch": 1
        },
        {
          "iteration": 2,
          "n_labeled": 320,
          "f1": 0.0,
          "precision": 0.0,
          "recall": 0.0,
          "best_epoch": 1
        },
        {
          "iteration": 3,
          "n_labeled": 440,
          "f1": 0.8140525195173882,
          "precision": 0.8836671802773498,
          "recall": 0.7546052631578948,
          "best_epoch": 8
        },
        {
          "iteration": 4,
          "n_labeled": 560,
          "f1": 0.8804311215897609,
          "precision": 0.9020013802622499,
          "recall": 0.8598684210526316,
          "best_epoch": 7
        }
      ]
    },
    {
      "strategy": "hybrid",
      "seed": 13,
      "curve": [
        {
          "iteration": 0,
          "n_labeled": 80,
          "f1": 0.06273764258555133,
          "precision": 0.11301369863013698,
          "recall": 0.04342105263157895,
          "best_epoch": 1
        },
        {
          "iteration": 1,
          "n_labeled": 200,
          "f1": 0.0,
          "precision": 0.0,
          "recall": 0.0,
          "best_epoch": 1
        },
        {
          "iteration": 2,
          "n_labeled": 320,
          "f1": 0.0,
          "precision": 0.0,
          "recall": 0.0,
          "best_epoch": 1
        },
        {
          "iteration": 3,
          "n_labeled": 440,
          "f1": 0.7588495575221238,
          "precision": 0.863255033557047,
          "recall": 0.6769736842105263,
          "best_epoch": 8
        },
        {
          "iteration": 4,
          "n_labeled": 560,
          "f1": 0.8953020134228189,
          "precision": 0.9136986301369863,
          "recall": 0.8776315789473684,
          "best_epoch": 8
        }
      ]
    }
  ],
  "label_efficiency": {
    "random": {
      "budget_to_reach": null,
      "target": 0.9861,
      "final_mean": 0.8679
    },
    "least_confidence": {
      "budget_to_reach": null,
      "target": 0.9861,
      "final_mean": 0.9422
    },
    "uncertainty": {
      "budget_to_reach": null,
      "target": 0.9861,
      "final_mean": 0.8804
    },
    "hybrid": {
      "budget_to_reach": null,
      "target": 0.9861,
      "final_mean": 0.8953
    }
  }
}