{
  "n_pool": 1982,
  "n_test": 495,
  "seeds": [
    13,
    29,
    42
  ],
  "f1_mean": 0.8642326875962197,
  "f1_std": 0.00044274092388133147,
  "macro_f1_mean": 0.867750436674719,
  "precision_mean": 0.8913192452567794,
  "recall_mean": 0.8387438998514746,
  "by_type": {
    "CAT": {
      "f1_mean": 0.8485915492957746
    },
    "ENROLL": {
      "f1_mean": 0.9175824175824175
    },
    "ORG": {
      "f1_mean": 0.7881231277457692
    },
    "DUR": {
      "f1_mean": 0.9449378330373003
    },
    "LEVEL": {
      "f1_mean": 0.8613861386138614
    },
    "PRICE": {
      "f1_mean": 0.8458815537731911
    }
  },
  "seqeval_crosscheck": {
    "precision": 0.8917456021650879,
    "recall": 0.8389560789306174,
    "f1": 0.864545752705805
  }
}