{
  "n_pool": 2706,
  "n_test": 677,
  "seeds": [
    13,
    29,
    42
  ],
  "f1_mean": 0.8687882339959461,
  "f1_std": 0.0011732588629393824,
  "macro_f1_mean": 0.8717499968008653,
  "precision_mean": 0.88798673243947,
  "recall_mean": 0.8504024424091035,
  "by_type": {
    "ORG": {
      "f1_mean": 0.8018691588785046
    },
    "DUR": {
      "f1_mean": 0.9008130081300814
    },
    "CAT": {
      "f1_mean": 0.867718028587594
    },
    "ENROLL": {
      "f1_mean": 0.9044585987261146
    },
    "PRICE": {
      "f1_mean": 0.8838911896820317
    }
  },
  "seqeval_crosscheck": {
    "precision": 0.8892267593397046,
    "recall": 0.8522064945878435,
    "f1": 0.8703231292517007
  }
}